user_lot_pk,user_id,lot_id,quantity
1,1,1,855.000000
2,1,2,1115.000000
3,1,3,1000
4,1,4,1000
5,1,5,1000
6,2,1,943.637947
7,2,2,741.255758
8,2,3,585
9,2,4,185.181888
10,2,5,265.386549
11,3,1,58.815086
12,3,2,58.124371
13,3,3,22.248808
14,3,4,1016.662137
15,3,5,940
1,1,1,855.000000
2,1,2,1115.000000
3,1,3,1000
4,1,4,1000
5,1,5,1000
6,2,1,943.637947
7,2,2,1229.743509
8,2,3,343
9,2,4,185.181888
10,2,5,265.386549
11,3,1,58.815086
12,3,2,58.124371
13,3,3,22.248808
14,3,4,1016.662137
15,3,5,940
